{"cameraMode":{"drawMode":0,"name":"Shaded","section":"Shading Mode"},"sceneLighting":false,"audioPlay":false,"sceneViewState":{"m_AlwaysRefresh":false,"showFog":true,"showSkybox":false,"showFlares":true,"showImageEffects":true,"showParticleSystems":true,"showVisualEffectGraphs":true,"m_FxEnabled":true},"in2DMode":false,"pivot":{"x":-29.888843536376954,"y":12.580046653747559,"z":-2.8097074031829836},"rotation":{"x":-0.34200140833854678,"y":0.40525004267692568,"z":-0.16674469411373139,"w":-0.8312973976135254},"size":0.17805252969264985,"orthographic":false}