{"cameraMode":{"drawMode":0,"name":"Shaded","section":"Shading Mode"},"sceneLighting":true,"audioPlay":false,"sceneViewState":{"m_AlwaysRefresh":false,"showFog":true,"showSkybox":true,"showFlares":true,"showImageEffects":true,"showParticleSystems":true,"showVisualEffectGraphs":true,"m_FxEnabled":true},"in2DMode":false,"pivot":{"x":53.56737518310547,"y":23.35329818725586,"z":298.444580078125},"rotation":{"x":0.03176521882414818,"y":0.049452345818281177,"z":-0.0015795286744832993,"w":0.9983075857162476},"size":206.01925659179688,"orthographic":false}