{"cameraMode":{"drawMode":0,"name":"Shaded","section":"Shading Mode"},"sceneLighting":true,"audioPlay":false,"sceneViewState":{"m_AlwaysRefresh":false,"showFog":true,"showSkybox":true,"showFlares":true,"showImageEffects":true,"showParticleSystems":true,"showVisualEffectGraphs":true,"m_FxEnabled":true},"in2DMode":false,"pivot":{"x":3.6510276794433595,"y":32.8091926574707,"z":-18.823665618896486},"rotation":{"x":-0.08119291067123413,"y":0.02600809372961521,"z":-0.002121241530403495,"w":-0.9963682293891907},"size":42.78719711303711,"orthographic":false}