{"cameraMode":{"drawMode":0,"name":"Shaded","section":"Shading Mode"},"sceneLighting":true,"audioPlay":false,"sceneViewState":{"m_AlwaysRefresh":false,"showFog":true,"showSkybox":true,"showFlares":true,"showImageEffects":true,"showParticleSystems":true,"showVisualEffectGraphs":true,"m_FxEnabled":true},"in2DMode":false,"pivot":{"x":21.207244873046876,"y":32.91722106933594,"z":13.71710205078125},"rotation":{"x":-0.11847946047782898,"y":-0.029191430658102037,"z":0.0034854314289987089,"w":-0.9925267696380615},"size":30.185245513916017,"orthographic":false}